ID,0,1,2,3,4,5,6,7,8,9,10,11,12,13,14,15,16,17,18
0,could,you,please,tell,me,the,pose,of,the,person,at,the,couch, , , , , , 
 ,O,O,O,B-say,B-say.per,O,O,O,O,B-say.per,O,O,B-say.dest, , , , , , 
------------------,------------------,------------------,------------------,------------------,------------------,------------------,------------------,------------------,------------------,------------------,------------------,------------------,------------------, , , , , , 
1,tell,me,how,many,people,in,the,bedroom,are,standing, , , , , , , , , 
 ,B-say,B-say.per,O,O,O,O,O,B-say.dest,O,O, , , , , , , , , 
------------------,------------------,------------------,------------------,------------------,------------------,------------------,------------------,------------------,------------------,------------------, , , , , , , , , 
2,could,you,locate,a,boy,in,the,dining,room,and,say,the,time, , , , , , 
 ,O,O,B-find,O,B-find.per,O,O,B-find.dest,I-find.dest,O,B-say,O,O, , , , , , 
------------------,------------------,------------------,------------------,------------------,------------------,------------------,------------------,------------------,------------------,------------------,------------------,------------------,------------------, , , , , , 
3,tell,me,what,s,the,heaviest,object,on,the,dining,table, , , , , , , , 
 ,B-say,B-say.per,O,O,O,O,O,O,O,B-say.dest,I-say.dest, , , , , , , , 
------------------,------------------,------------------,------------------,------------------,------------------,------------------,------------------,------------------,------------------,------------------,------------------, , , , , , , , 
4,could,you,tell,me,what,s,the,largest,food,on,the,counter, , , , , , , 
 ,O,O,B-say,B-say.per,O,O,O,O,B-say.obj,O,O,B-say.dest, , , , , , , 
------------------,------------------,------------------,------------------,------------------,------------------,------------------,------------------,------------------,------------------,------------------,------------------,------------------, , , , , , , 
5,find,robert,at,the,bookcase,and,ask,him,to,leave, , , , , , , , , 
 ,B-find,B-find.per,O,O,B-find.dest,O,B-say,B-say.per,O,O, , , , , , , , , 
------------------,------------------,------------------,------------------,------------------,------------------,------------------,------------------,------------------,------------------,------------------, , , , , , , , , 
6,tell,me,what,s,the,thinnest,object,on,the,side,table, , , , , , , , 
 ,B-say,B-say.per,O,O,O,O,O,O,O,B-say.dest,I-say.dest, , , , , , , , 
------------------,------------------,------------------,------------------,------------------,------------------,------------------,------------------,------------------,------------------,------------------,------------------, , , , , , , , 
7,contact,jennifer,at,the,sink,and,introduce,it,to,patricia,at,the,sink, , , , , , 
 ,B-find,B-find.per,O,O,B-find.dest,O,B-say,B-say.obj,O,B-say.per,O,O,B-say.dest, , , , , , 
------------------,------------------,------------------,------------------,------------------,------------------,------------------,------------------,------------------,------------------,------------------,------------------,------------------,------------------, , , , , , 
8,could,you,please,look,for,a,boy,in,the,dining,room,and,say,the,time, , , , 
 ,O,O,O,B-find,O,O,B-find.per,O,O,B-find.dest,I-find.dest,O,B-say,O,O, , , , 
------------------,------------------,------------------,------------------,------------------,------------------,------------------,------------------,------------------,------------------,------------------,------------------,------------------,------------------,------------------,------------------, , , , 
9,could,you,contact,patricia,at,the,couch,and,introduce,it,to,mary,at,the,exit, , , , 
 ,O,O,B-find,B-find.per,O,O,B-find.dest,O,B-say,B-say.obj,O,B-say.per,O,O,B-say.dest, , , , 
------------------,------------------,------------------,------------------,------------------,------------------,------------------,------------------,------------------,------------------,------------------,------------------,------------------,------------------,------------------,------------------, , , , 
10,please,tell,me,how,many,containers,there,are,on,the,bookcase, , , , , , , , 
 ,O,B-say,B-say.per,O,O,B-say.obj,O,O,O,O,B-say.dest, , , , , , , , 
------------------,------------------,------------------,------------------,------------------,------------------,------------------,------------------,------------------,------------------,------------------,------------------, , , , , , , , 
11,say,the,time,to,the,person,raising,their,right,arm,in,the,bedroom, , , , , , 
 ,B-say,O,O,O,O,B-say.per,O,O,O,O,O,O,B-say.dest, , , , , , 
------------------,------------------,------------------,------------------,------------------,------------------,------------------,------------------,------------------,------------------,------------------,------------------,------------------,------------------, , , , , , 
12,robot,please,face,charlie,at,the,bookcase,and,ask,her,to,leave, , , , , , , 
 ,O,O,B-find,B-find.per,O,O,B-find.dest,O,B-say,B-say.per,O,O, , , , , , , 
------------------,------------------,------------------,------------------,------------------,------------------,------------------,------------------,------------------,------------------,------------------,------------------,------------------, , , , , , , 
13,tell,me,how,many,people,in,the,dining,room,are,lying,down, , , , , , , 
 ,B-say,B-say.per,O,O,O,O,O,B-say.dest,I-say.dest,O,O,O, , , , , , , 
------------------,------------------,------------------,------------------,------------------,------------------,------------------,------------------,------------------,------------------,------------------,------------------,------------------, , , , , , , 
14,tell,me,the,pose,of,the,person,in,the,corridor, , , , , , , , , 
 ,B-say,B-say.per,O,O,O,O,B-say.per,O,O,B-say.dest, , , , , , , , , 
------------------,------------------,------------------,------------------,------------------,------------------,------------------,------------------,------------------,------------------,------------------, , , , , , , , , 
15,greet,skyler,at,the,end,table,and,introduce,it,to,robin,at,the,exit, , , , , 
 ,B-find,B-find.per,O,O,B-find.dest,I-find.dest,O,B-say,B-say.obj,O,B-say.per,O,O,B-say.dest, , , , , 
------------------,------------------,------------------,------------------,------------------,------------------,------------------,------------------,------------------,------------------,------------------,------------------,------------------,------------------,------------------, , , , , 
16,tell,me,what,s,the,largest,object,on,the,desk, , , , , , , , , 
 ,B-say,B-say.per,O,O,O,O,O,O,O,B-say.dest, , , , , , , , , 
------------------,------------------,------------------,------------------,------------------,------------------,------------------,------------------,------------------,------------------,------------------, , , , , , , , , 
17,could,you,please,tell,me,which,are,the,three,largest,objects,on,the,end,table, , , , 
 ,O,O,O,B-say,B-say.per,O,O,O,O,O,O,O,O,B-say.dest,I-say.dest, , , , 
------------------,------------------,------------------,------------------,------------------,------------------,------------------,------------------,------------------,------------------,------------------,------------------,------------------,------------------,------------------,------------------, , , , 
18,tell,me,how,many,people,in,the,corridor,are,standing, , , , , , , , , 
 ,B-say,B-say.per,O,O,O,O,O,B-say.dest,O,O, , , , , , , , , 
------------------,------------------,------------------,------------------,------------------,------------------,------------------,------------------,------------------,------------------,------------------, , , , , , , , , 
19,robot,please,tell,me,how,many,orange,there,are,on,the,bookcase, , , , , , , 
 ,O,O,B-say,B-say.per,O,O,B-say.obj,O,O,O,O,B-say.dest, , , , , , , 
------------------,------------------,------------------,------------------,------------------,------------------,------------------,------------------,------------------,------------------,------------------,------------------,------------------, , , , , , , 
20,robot,please,navigate,to,the,bedroom,locate,a,person,raising,their,left,arm,and,answer,a,question, , 
 ,O,O,B-go,O,O,B-go.dest,B-find,O,B-find.per,O,O,O,O,O,B-say,O,O, , 
------------------,------------------,------------------,------------------,------------------,------------------,------------------,------------------,------------------,------------------,------------------,------------------,------------------,------------------,------------------,------------------,------------------,------------------, , 
21,go,to,the,dining,room,look,for,a,person,waving,and,answer,a,question, , , , , 
 ,B-go,O,O,B-go.dest,I-go.dest,B-find,O,O,B-find.per,O,O,B-say,O,O, , , , , 
------------------,------------------,------------------,------------------,------------------,------------------,------------------,------------------,------------------,------------------,------------------,------------------,------------------,------------------,------------------, , , , , 
22,robot,please,find,francis,at,the,front,door,and,introduce,her,to,all,the,women,in,the,dining,room
 ,O,O,B-find,B-find.per,O,O,B-find.dest,I-find.dest,O,B-say,B-say.per,O,O,O,O,O,O,B-say.dest,I-say.dest
------------------,------------------,------------------,------------------,------------------,------------------,------------------,------------------,------------------,------------------,------------------,------------------,------------------,------------------,------------------,------------------,------------------,------------------,------------------,------------------
23,could,you,please,tell,me,the,pose,of,the,person,in,the,living,room, , , , , 
 ,O,O,O,B-say,B-say.per,O,O,O,O,B-say.per,O,O,B-say.dest,I-say.dest, , , , , 
------------------,------------------,------------------,------------------,------------------,------------------,------------------,------------------,------------------,------------------,------------------,------------------,------------------,------------------,------------------, , , , , 
24,tell,me,which,are,the,three,heaviest,objects,on,the,storage,table, , , , , , , 
 ,B-say,B-say.per,O,O,O,O,O,O,O,O,B-say.dest,I-say.dest, , , , , , , 
------------------,------------------,------------------,------------------,------------------,------------------,------------------,------------------,------------------,------------------,------------------,------------------,------------------, , , , , , , 
25,tell,me,the,gender,of,the,person,in,the,living,room, , , , , , , , 
 ,B-say,B-say.per,O,O,O,O,B-say.per,O,O,B-say.dest,I-say.dest, , , , , , , , 
------------------,------------------,------------------,------------------,------------------,------------------,------------------,------------------,------------------,------------------,------------------,------------------, , , , , , , , 
26,find,a,male,person,in,the,corridor,and,answer,a,question, , , , , , , , 
 ,B-find,O,O,B-find.per,O,O,B-find.dest,O,B-say,O,O, , , , , , , , 
------------------,------------------,------------------,------------------,------------------,------------------,------------------,------------------,------------------,------------------,------------------,------------------, , , , , , , , 
27,could,you,tell,me,how,many,people,in,the,dining,room,are,lying,down, , , , , 
 ,O,O,B-say,B-say.per,O,O,O,O,O,B-say.dest,I-say.dest,O,O,O, , , , , 
------------------,------------------,------------------,------------------,------------------,------------------,------------------,------------------,------------------,------------------,------------------,------------------,------------------,------------------,------------------, , , , , 
28,find,john,at,the,rear,entrance,and,introduce,him,to,all,the,elders,in,the,dining,room, , 
 ,B-find,B-find.per,O,O,O,B-find.dest,O,B-say,B-say.per,O,O,O,B-say.per,O,O,B-say.dest,I-say.dest, , 
------------------,------------------,------------------,------------------,------------------,------------------,------------------,------------------,------------------,------------------,------------------,------------------,------------------,------------------,------------------,------------------,------------------,------------------, , 
29,please,greet,william,at,the,dishwasher,and,ask,him,to,leave, , , , , , , , 
 ,O,B-find,B-find.per,O,O,B-find.dest,O,B-say,B-say.per,O,O, , , , , , , , 
------------------,------------------,------------------,------------------,------------------,------------------,------------------,------------------,------------------,------------------,------------------,------------------, , , , , , , , 
30,locate,a,female,person,in,the,kitchen,and,tell,the,time, , , , , , , , 
 ,B-find,O,O,B-find.per,O,O,B-find.dest,O,B-say,O,O, , , , , , , , 
------------------,------------------,------------------,------------------,------------------,------------------,------------------,------------------,------------------,------------------,------------------,------------------, , , , , , , , 
31,tell,me,the,name,of,the,person,at,the,bed, , , , , , , , , 
 ,B-say,B-say.per,O,O,O,O,B-say.per,O,O,B-say.dest, , , , , , , , , 
------------------,------------------,------------------,------------------,------------------,------------------,------------------,------------------,------------------,------------------,------------------, , , , , , , , , 
32,please,tell,me,how,many,fruits,there,are,on,the,sink, , , , , , , , 
 ,O,B-say,B-say.per,O,O,B-say.obj,O,O,O,O,B-say.dest, , , , , , , , 
------------------,------------------,------------------,------------------,------------------,------------------,------------------,------------------,------------------,------------------,------------------,------------------, , , , , , , , 
33,find,charlie,at,the,dining,table,and,introduce,it,to,jennifer,at,the,sink, , , , , 
 ,B-find,B-find.per,O,O,B-find.dest,I-find.dest,O,B-say,B-say.obj,O,B-say.per,O,O,B-say.dest, , , , , 
------------------,------------------,------------------,------------------,------------------,------------------,------------------,------------------,------------------,------------------,------------------,------------------,------------------,------------------,------------------, , , , , 
34,tell,me,the,gender,of,the,person,in,the,dining,room, , , , , , , , 
 ,B-say,B-say.per,O,O,O,O,B-say.per,O,O,B-say.dest,I-say.dest, , , , , , , , 
------------------,------------------,------------------,------------------,------------------,------------------,------------------,------------------,------------------,------------------,------------------,------------------, , , , , , , , 
35,could,you,face,skyler,at,the,main,door,and,introduce,him,to,everyone,in,the,kitchen, , , 
 ,O,O,B-find,B-find.per,O,O,O,B-find.dest,O,B-say,B-say.per,O,O,O,O,B-say.dest, , , 
------------------,------------------,------------------,------------------,------------------,------------------,------------------,------------------,------------------,------------------,------------------,------------------,------------------,------------------,------------------,------------------,------------------, , , 
36,could,you,please,contact,skyler,at,the,main,door,and,introduce,her,to,all,the,elders,in,the,bedroom
 ,O,O,O,B-find,B-find.per,O,O,O,B-find.dest,O,B-say,B-say.per,O,O,O,B-say.per,O,O,B-say.dest
------------------,------------------,------------------,------------------,------------------,------------------,------------------,------------------,------------------,------------------,------------------,------------------,------------------,------------------,------------------,------------------,------------------,------------------,------------------,------------------
37,could,you,tell,me,how,many,snacks,there,are,on,the,side,table, , , , , , 
 ,O,O,B-say,B-say.per,O,O,B-say.obj,O,O,O,O,B-say.dest,I-say.dest, , , , , , 
------------------,------------------,------------------,------------------,------------------,------------------,------------------,------------------,------------------,------------------,------------------,------------------,------------------,------------------, , , , , , 
38,could,you,tell,me,how,many,people,in,the,living,room,are,male, , , , , , 
 ,O,O,B-say,B-say.per,O,O,O,O,O,B-say.dest,I-say.dest,O,O, , , , , , 
------------------,------------------,------------------,------------------,------------------,------------------,------------------,------------------,------------------,------------------,------------------,------------------,------------------,------------------, , , , , , 
39,please,look,for,a,woman,in,the,bedroom,and,answer,a,question, , , , , , , 
 ,O,B-find,O,O,O,O,O,B-find.dest,O,B-say,O,O, , , , , , , 
------------------,------------------,------------------,------------------,------------------,------------------,------------------,------------------,------------------,------------------,------------------,------------------,------------------, , , , , , , 
40,contact,charlie,at,the,dining,table,and,ask,him,to,leave, , , , , , , , 
 ,B-find,B-find.per,O,O,B-find.dest,I-find.dest,O,B-say,B-say.per,O,O, , , , , , , , 
------------------,------------------,------------------,------------------,------------------,------------------,------------------,------------------,------------------,------------------,------------------,------------------, , , , , , , , 
41,robot,please,tell,me,which,are,the,three,largest,objects,on,the,storage,table, , , , , 
 ,O,O,B-say,B-say.per,O,O,O,O,O,O,O,O,B-say.dest,I-say.dest, , , , , 
------------------,------------------,------------------,------------------,------------------,------------------,------------------,------------------,------------------,------------------,------------------,------------------,------------------,------------------,------------------, , , , , 
42,find,charlie,at,the,rear,entrance,and,introduce,her,to,everyone,in,the,corridor, , , , , 
 ,B-find,B-find.per,O,O,O,B-find.dest,O,B-say,B-say.per,O,O,O,O,B-say.dest, , , , , 
------------------,------------------,------------------,------------------,------------------,------------------,------------------,------------------,------------------,------------------,------------------,------------------,------------------,------------------,------------------, , , , , 
43,please,greet,john,at,the,front,entrance,and,introduce,him,to,everyone,in,the,bedroom, , , , 
 ,O,B-find,B-find.per,O,O,O,B-find.dest,O,B-say,B-say.per,O,O,O,O,B-say.dest, , , , 
------------------,------------------,------------------,------------------,------------------,------------------,------------------,------------------,------------------,------------------,------------------,------------------,------------------,------------------,------------------,------------------, , , , 
44,tell,me,the,name,of,the,person,in,the,living,room, , , , , , , , 
 ,B-say,B-say.per,O,O,O,O,B-say.per,O,O,B-say.dest,I-say.dest, , , , , , , , 
------------------,------------------,------------------,------------------,------------------,------------------,------------------,------------------,------------------,------------------,------------------,------------------, , , , , , , , 
45,tell,me,what,s,the,heaviest,object,on,the,bookcase, , , , , , , , , 
 ,B-say,B-say.per,O,O,O,O,O,O,O,B-say.dest, , , , , , , , , 
------------------,------------------,------------------,------------------,------------------,------------------,------------------,------------------,------------------,------------------,------------------, , , , , , , , , 
46,tell,me,what,s,the,heaviest,tableware,on,the,storage,table, , , , , , , , 
 ,B-say,B-say.per,O,O,O,O,B-say.obj,O,O,B-say.dest,I-say.dest, , , , , , , , 
------------------,------------------,------------------,------------------,------------------,------------------,------------------,------------------,------------------,------------------,------------------,------------------, , , , , , , , 
47,tell,me,the,pose,of,the,person,at,the,bookcase, , , , , , , , , 
 ,B-say,B-say.per,O,O,O,O,B-say.per,O,O,B-say.dest, , , , , , , , , 
------------------,------------------,------------------,------------------,------------------,------------------,------------------,------------------,------------------,------------------,------------------, , , , , , , , , 
48,go,to,the,dining,room,locate,a,person,standing,and,tell,a,joke, , , , , , 
 ,B-go,O,O,B-go.dest,I-go.dest,B-find,O,B-find.per,O,O,B-say,O,O, , , , , , 
------------------,------------------,------------------,------------------,------------------,------------------,------------------,------------------,------------------,------------------,------------------,------------------,------------------,------------------, , , , , , 
49,could,you,contact,elizabeth,at,the,rear,entrance,and,introduce,her,to,everyone,in,the,bedroom, , , 
 ,O,O,B-find,B-find.per,O,O,O,B-find.dest,O,B-say,B-say.per,O,O,O,O,B-say.dest, , , 
------------------,------------------,------------------,------------------,------------------,------------------,------------------,------------------,------------------,------------------,------------------,------------------,------------------,------------------,------------------,------------------,------------------, , , 
50,tell,me,what,s,the,thinnest,cutlery,on,the,side,table, , , , , , , , 
 ,B-say,B-say.per,O,O,O,O,B-say.obj,O,O,B-say.dest,I-say.dest, , , , , , , , 
------------------,------------------,------------------,------------------,------------------,------------------,------------------,------------------,------------------,------------------,------------------,------------------, , , , , , , , 
51,tell,me,the,gender,of,the,person,at,the,end,table, , , , , , , , 
 ,B-say,B-say.per,O,O,O,O,B-say.per,O,O,B-say.dest,I-say.dest, , , , , , , , 
------------------,------------------,------------------,------------------,------------------,------------------,------------------,------------------,------------------,------------------,------------------,------------------, , , , , , , , 
52,find,a,woman,in,the,kitchen,and,tell,a,joke, , , , , , , , , 
 ,B-find,O,O,O,O,B-find.dest,O,B-say,O,O, , , , , , , , , 
------------------,------------------,------------------,------------------,------------------,------------------,------------------,------------------,------------------,------------------,------------------, , , , , , , , , 
53,please,find,francis,at,the,desk,and,ask,him,to,leave, , , , , , , , 
 ,O,B-find,B-find.per,O,O,B-find.dest,O,B-say,B-say.per,O,O, , , , , , , , 
------------------,------------------,------------------,------------------,------------------,------------------,------------------,------------------,------------------,------------------,------------------,------------------, , , , , , , , 
54,could,you,contact,mary,at,the,desk,and,introduce,it,to,charlie,at,the,desk, , , , 
 ,O,O,B-find,B-find.per,O,O,B-find.dest,O,B-say,B-say.obj,O,B-say.per,O,O,B-say.dest, , , , 
------------------,------------------,------------------,------------------,------------------,------------------,------------------,------------------,------------------,------------------,------------------,------------------,------------------,------------------,------------------,------------------, , , , 
55,contact,patricia,at,the,front,entrance,and,introduce,her,to,all,the,elders,in,the,bedroom, , , 
 ,B-find,B-find.per,O,O,O,B-find.dest,O,B-say,B-say.per,O,O,O,B-say.per,O,O,B-say.dest, , , 
------------------,------------------,------------------,------------------,------------------,------------------,------------------,------------------,------------------,------------------,------------------,------------------,------------------,------------------,------------------,------------------,------------------, , , 
56,could,you,please,tell,me,the,name,of,the,person,at,the,bed, , , , , , 
 ,O,O,O,B-say,B-say.per,O,O,O,O,B-say.per,O,O,B-say.dest, , , , , , 
------------------,------------------,------------------,------------------,------------------,------------------,------------------,------------------,------------------,------------------,------------------,------------------,------------------,------------------, , , , , , 
57,find,a,person,waving,in,the,bedroom,and,say,something,about,yourself, , , , , , , 
 ,B-find,O,B-find.per,O,O,O,B-find.dest,O,B-say,O,O,O, , , , , , , 
------------------,------------------,------------------,------------------,------------------,------------------,------------------,------------------,------------------,------------------,------------------,------------------,------------------, , , , , , , 
58,could,you,tell,me,the,pose,of,the,person,at,the,bed, , , , , , , 
 ,O,O,B-say,B-say.per,O,O,O,O,B-say.per,O,O,B-say.dest, , , , , , , 
------------------,------------------,------------------,------------------,------------------,------------------,------------------,------------------,------------------,------------------,------------------,------------------,------------------, , , , , , , 
59,face,michael,at,the,dishwasher,and,ask,him,to,leave, , , , , , , , , 
 ,B-find,B-find.per,O,O,B-find.dest,O,B-say,B-say.per,O,O, , , , , , , , , 
------------------,------------------,------------------,------------------,------------------,------------------,------------------,------------------,------------------,------------------,------------------, , , , , , , , , 
60,tell,me,how,many,containers,there,are,on,the,end,table, , , , , , , , 
 ,B-say,B-say.per,O,O,B-say.obj,O,O,O,O,B-say.dest,I-say.dest, , , , , , , , 
------------------,------------------,------------------,------------------,------------------,------------------,------------------,------------------,------------------,------------------,------------------,------------------, , , , , , , , 
61,robot,please,go,to,the,bedroom,find,a,person,lying,down,and,say,what,day,is,tomorrow, , 
 ,O,O,B-go,O,O,B-go.dest,B-find,O,B-find.per,O,O,O,B-say,O,O,O,O, , 
------------------,------------------,------------------,------------------,------------------,------------------,------------------,------------------,------------------,------------------,------------------,------------------,------------------,------------------,------------------,------------------,------------------,------------------, , 
62,tell,me,the,name,of,the,person,in,the,bedroom, , , , , , , , , 
 ,B-say,B-say.per,O,O,O,O,B-say.per,O,O,B-say.dest, , , , , , , , , 
------------------,------------------,------------------,------------------,------------------,------------------,------------------,------------------,------------------,------------------,------------------, , , , , , , , , 
63,tell,me,the,pose,of,the,person,in,the,bedroom, , , , , , , , , 
 ,B-say,B-say.per,O,O,O,O,B-say.per,O,O,B-say.dest, , , , , , , , , 
------------------,------------------,------------------,------------------,------------------,------------------,------------------,------------------,------------------,------------------,------------------, , , , , , , , , 
64,contact,patricia,at,the,couch,and,ask,her,to,leave, , , , , , , , , 
 ,B-find,B-find.per,O,O,B-find.dest,O,B-say,B-say.per,O,O, , , , , , , , , 
------------------,------------------,------------------,------------------,------------------,------------------,------------------,------------------,------------------,------------------,------------------, , , , , , , , , 
65,find,alex,at,the,end,table,and,introduce,it,to,james,at,the,dining,table, , , , 
 ,B-find,B-find.per,O,O,B-find.dest,I-find.dest,O,B-say,B-say.obj,O,B-say.per,O,O,B-say.dest,I-say.dest, , , , 
------------------,------------------,------------------,------------------,------------------,------------------,------------------,------------------,------------------,------------------,------------------,------------------,------------------,------------------,------------------,------------------, , , , 
66,find,a,person,lying,down,in,the,corridor,and,answer,a,question, , , , , , , 
 ,B-find,O,B-find.per,O,O,O,O,B-find.dest,O,B-say,O,O, , , , , , , 
------------------,------------------,------------------,------------------,------------------,------------------,------------------,------------------,------------------,------------------,------------------,------------------,------------------, , , , , , , 
67,could,you,please,tell,me,how,many,fruits,there,are,on,the,counter, , , , , , 
 ,O,O,O,B-say,B-say.per,O,O,B-say.obj,O,O,O,O,B-say.dest, , , , , , 
------------------,------------------,------------------,------------------,------------------,------------------,------------------,------------------,------------------,------------------,------------------,------------------,------------------,------------------, , , , , , 
68,could,you,answer,a,question,to,the,person,raising,their,right,arm,in,the,dining,room, , , 
 ,O,O,B-say,O,O,O,O,B-say.per,O,O,O,O,O,O,B-say.dest,I-say.dest, , , 
------------------,------------------,------------------,------------------,------------------,------------------,------------------,------------------,------------------,------------------,------------------,------------------,------------------,------------------,------------------,------------------,------------------, , , 
69,tell,me,which,are,the,three,biggest,snacks,on,the,counter, , , , , , , , 
 ,B-say,B-say.per,O,O,O,O,O,B-say.obj,O,O,B-say.dest, , , , , , , , 
------------------,------------------,------------------,------------------,------------------,------------------,------------------,------------------,------------------,------------------,------------------,------------------, , , , , , , , 
70,tell,me,the,name,of,the,person,in,the,kitchen, , , , , , , , , 
 ,B-say,B-say.per,O,O,O,O,B-say.per,O,O,B-say.dest, , , , , , , , , 
------------------,------------------,------------------,------------------,------------------,------------------,------------------,------------------,------------------,------------------,------------------, , , , , , , , , 
71,tell,me,what,s,the,smallest,object,on,the,cupboard, , , , , , , , , 
 ,B-say,B-say.per,O,O,O,O,O,O,O,B-say.dest, , , , , , , , , 
------------------,------------------,------------------,------------------,------------------,------------------,------------------,------------------,------------------,------------------,------------------, , , , , , , , , 
72,tell,me,how,many,fruits,there,are,on,the,bookcase, , , , , , , , , 
 ,B-say,B-say.per,O,O,B-say.obj,O,O,O,O,B-say.dest, , , , , , , , , 
------------------,------------------,------------------,------------------,------------------,------------------,------------------,------------------,------------------,------------------,------------------, , , , , , , , , 
73,tell,me,the,pose,of,the,person,at,the,end,table, , , , , , , , 
 ,B-say,B-say.per,O,O,O,O,B-say.per,O,O,B-say.dest,I-say.dest, , , , , , , , 
------------------,------------------,------------------,------------------,------------------,------------------,------------------,------------------,------------------,------------------,------------------,------------------, , , , , , , , 
74,go,to,the,corridor,locate,a,boy,and,answer,a,question, , , , , , , , 
 ,B-go,O,O,B-go.dest,B-find,O,B-find.per,O,B-say,O,O, , , , , , , , 
------------------,------------------,------------------,------------------,------------------,------------------,------------------,------------------,------------------,------------------,------------------,------------------, , , , , , , , 
75,greet,francis,at,the,dishwasher,and,ask,her,to,leave, , , , , , , , , 
 ,B-find,B-find.per,O,O,B-find.dest,O,B-say,B-say.per,O,O, , , , , , , , , 
------------------,------------------,------------------,------------------,------------------,------------------,------------------,------------------,------------------,------------------,------------------, , , , , , , , , 
76,could,you,face,patricia,at,the,dining,table,and,introduce,it,to,francis,at,the,bookcase, , , 
 ,O,O,B-find,B-find.per,O,O,B-find.dest,I-find.dest,O,B-say,B-say.obj,O,B-say.per,O,O,B-say.dest, , , 
------------------,------------------,------------------,------------------,------------------,------------------,------------------,------------------,------------------,------------------,------------------,------------------,------------------,------------------,------------------,------------------,------------------, , , 
77,tell,me,how,many,bowl,there,are,on,the,bookcase, , , , , , , , , 
 ,B-say,B-say.per,O,O,B-say.obj,O,O,O,O,B-say.dest, , , , , , , , , 
------------------,------------------,------------------,------------------,------------------,------------------,------------------,------------------,------------------,------------------,------------------, , , , , , , , , 
78,could,you,please,tell,me,the,name,of,the,person,in,the,dining,room, , , , , 
 ,O,O,O,B-say,B-say.per,O,O,O,O,B-say.per,O,O,B-say.dest,I-say.dest, , , , , 
------------------,------------------,------------------,------------------,------------------,------------------,------------------,------------------,------------------,------------------,------------------,------------------,------------------,------------------,------------------, , , , , 
79,tell,me,what,s,the,smallest,fruits,on,the,dining,table, , , , , , , , 
 ,B-say,B-say.per,O,O,O,O,B-say.obj,O,O,B-say.dest,I-say.dest, , , , , , , , 
------------------,------------------,------------------,------------------,------------------,------------------,------------------,------------------,------------------,------------------,------------------,------------------, , , , , , , , 
80,face,francis,at,the,front,entrance,and,introduce,her,to,all,the,men,in,the,corridor, , , 
 ,B-find,B-find.per,O,O,O,B-find.dest,O,B-say,B-say.per,O,O,O,O,O,O,B-say.dest, , , 
------------------,------------------,------------------,------------------,------------------,------------------,------------------,------------------,------------------,------------------,------------------,------------------,------------------,------------------,------------------,------------------,------------------, , , 
81,robot,please,contact,alex,at,the,bookcase,and,introduce,it,to,james,at,the,dishwasher, , , , 
 ,O,O,B-find,B-find.per,O,O,B-find.dest,O,B-say,B-say.obj,O,B-say.per,O,O,B-say.dest, , , , 
------------------,------------------,------------------,------------------,------------------,------------------,------------------,------------------,------------------,------------------,------------------,------------------,------------------,------------------,------------------,------------------, , , , 
82,face,michael,at,the,entrance,and,introduce,it,to,james,at,the,dishwasher, , , , , , 
 ,B-find,B-find.per,O,O,B-find.dest,O,B-say,B-say.obj,O,B-say.per,O,O,B-say.dest, , , , , , 
------------------,------------------,------------------,------------------,------------------,------------------,------------------,------------------,------------------,------------------,------------------,------------------,------------------,------------------, , , , , , 
83,tell,me,what,s,the,lightest,object,on,the,sink, , , , , , , , , 
 ,B-say,B-say.per,O,O,O,O,O,O,O,B-say.dest, , , , , , , , , 
------------------,------------------,------------------,------------------,------------------,------------------,------------------,------------------,------------------,------------------,------------------, , , , , , , , , 
84,could,you,tell,me,the,pose,of,the,person,in,the,dining,room, , , , , , 
 ,O,O,B-say,B-say.per,O,O,O,O,B-say.per,O,O,B-say.dest,I-say.dest, , , , , , 
------------------,------------------,------------------,------------------,------------------,------------------,------------------,------------------,------------------,------------------,------------------,------------------,------------------,------------------, , , , , , 
85,tell,me,what,s,the,thinnest,object,on,the,side,table, , , , , , , , 
 ,B-say,B-say.per,O,O,O,O,O,O,O,B-say.dest,I-say.dest, , , , , , , , 
------------------,------------------,------------------,------------------,------------------,------------------,------------------,------------------,------------------,------------------,------------------,------------------, , , , , , , , 
86,greet,skyler,at,the,end,table,and,ask,him,to,leave, , , , , , , , 
 ,B-find,B-find.per,O,O,B-find.dest,I-find.dest,O,B-say,B-say.per,O,O, , , , , , , , 
------------------,------------------,------------------,------------------,------------------,------------------,------------------,------------------,------------------,------------------,------------------,------------------, , , , , , , , 
87,could,you,go,to,the,corridor,locate,a,person,pointing,to,the,left,and,answer,a,question, , 
 ,O,O,B-go,O,O,B-go.dest,B-find,O,B-find.per,O,O,O,O,O,B-say,O,O, , 
------------------,------------------,------------------,------------------,------------------,------------------,------------------,------------------,------------------,------------------,------------------,------------------,------------------,------------------,------------------,------------------,------------------,------------------, , 
88,tell,me,the,gender,of,the,person,at,the,dining,table, , , , , , , , 
 ,B-say,B-say.per,O,O,O,O,B-say.per,O,O,B-say.dest,I-say.dest, , , , , , , , 
------------------,------------------,------------------,------------------,------------------,------------------,------------------,------------------,------------------,------------------,------------------,------------------, , , , , , , , 
89,tell,me,how,many,cleaning,stuff,there,are,on,the,desk, , , , , , , , 
 ,B-say,B-say.per,O,O,B-say.obj,I-say.obj,O,O,O,O,B-say.dest, , , , , , , , 
------------------,------------------,------------------,------------------,------------------,------------------,------------------,------------------,------------------,------------------,------------------,------------------, , , , , , , , 
90,tell,me,how,many,containers,there,are,on,the,desk, , , , , , , , , 
 ,B-say,B-say.per,O,O,B-say.obj,O,O,O,O,B-say.dest, , , , , , , , , 
------------------,------------------,------------------,------------------,------------------,------------------,------------------,------------------,------------------,------------------,------------------, , , , , , , , , 
91,could,you,locate,a,boy,in,the,kitchen,and,answer,a,question, , , , , , , 
 ,O,O,B-find,O,B-find.per,O,O,B-find.dest,O,B-say,O,O, , , , , , , 
------------------,------------------,------------------,------------------,------------------,------------------,------------------,------------------,------------------,------------------,------------------,------------------,------------------, , , , , , , 
92,contact,francis,at,the,bed,and,introduce,it,to,john,at,the,sink, , , , , , 
 ,B-find,B-find.per,O,O,B-find.dest,O,B-say,B-say.obj,O,B-say.per,O,O,B-say.dest, , , , , , 
------------------,------------------,------------------,------------------,------------------,------------------,------------------,------------------,------------------,------------------,------------------,------------------,------------------,------------------, , , , , , 
93,robot,please,go,to,the,corridor,find,a,person,lying,down,and,say,a,joke, , , , 
 ,O,O,B-go,O,O,B-go.dest,B-find,O,B-find.per,O,O,O,B-say,O,O, , , , 
------------------,------------------,------------------,------------------,------------------,------------------,------------------,------------------,------------------,------------------,------------------,------------------,------------------,------------------,------------------,------------------, , , , 
94,could,you,please,go,to,the,dining,room,find,a,person,sitting,and,answer,a,question, , , 
 ,O,O,O,B-go,O,O,B-go.dest,I-go.dest,B-find,O,B-find.per,O,O,B-say,O,O, , , 
------------------,------------------,------------------,------------------,------------------,------------------,------------------,------------------,------------------,------------------,------------------,------------------,------------------,------------------,------------------,------------------,------------------, , , 
95,face,alex,at,the,front,door,and,introduce,her,to,everyone,in,the,bedroom, , , , , 
 ,B-find,B-find.per,O,O,B-find.dest,I-find.dest,O,B-say,B-say.per,O,O,O,O,B-say.dest, , , , , 
------------------,------------------,------------------,------------------,------------------,------------------,------------------,------------------,------------------,------------------,------------------,------------------,------------------,------------------,------------------, , , , , 
96,robot,please,tell,me,how,many,paprika,there,are,on,the,storage,table, , , , , , 
 ,O,O,B-say,B-say.per,O,O,B-say.obj,O,O,O,O,B-say.dest,I-say.dest, , , , , , 
------------------,------------------,------------------,------------------,------------------,------------------,------------------,------------------,------------------,------------------,------------------,------------------,------------------,------------------, , , , , , 
97,please,greet,robert,at,the,front,door,and,introduce,him,to,all,the,guests,in,the,kitchen, , 
 ,O,B-find,B-find.per,O,O,B-find.dest,I-find.dest,O,B-say,B-say.per,O,O,O,O,O,O,B-say.dest, , 
------------------,------------------,------------------,------------------,------------------,------------------,------------------,------------------,------------------,------------------,------------------,------------------,------------------,------------------,------------------,------------------,------------------,------------------, , 
98,tell,me,how,many,cutlery,there,are,on,the,desk, , , , , , , , , 
 ,B-say,B-say.per,O,O,B-say.obj,O,O,O,O,B-say.dest, , , , , , , , , 
------------------,------------------,------------------,------------------,------------------,------------------,------------------,------------------,------------------,------------------,------------------, , , , , , , , , 
99,could,you,please,contact,skyler,at,the,bookcase,and,ask,her,to,leave, , , , , , 
 ,O,O,O,B-find,B-find.per,O,O,B-find.dest,O,B-say,B-say.per,O,O, , , , , , 
------------------,------------------,------------------,------------------,------------------,------------------,------------------,------------------,------------------,------------------,------------------,------------------,------------------,------------------, , , , , , 
100,tell,me,which,are,the,three,biggest,objects,on,the,bookcase, , , , , , , , 
 ,B-say,B-say.per,O,O,O,O,O,O,O,O,B-say.dest, , , , , , , , 
------------------,------------------,------------------,------------------,------------------,------------------,------------------,------------------,------------------,------------------,------------------,------------------, , , , , , , , 
101,contact,charlie,at,the,main,entrance,and,introduce,her,to,all,the,people,in,the,living,room, , 
 ,B-find,B-find.per,O,O,O,B-find.dest,O,B-say,B-say.per,O,O,O,O,O,O,B-say.dest,I-say.dest, , 
------------------,------------------,------------------,------------------,------------------,------------------,------------------,------------------,------------------,------------------,------------------,------------------,------------------,------------------,------------------,------------------,------------------,------------------, , 
102,could,you,greet,skyler,at,the,back,door,and,introduce,her,to,everyone,in,the,dining,room, , 
 ,O,O,B-find,B-find.per,O,O,O,B-find.dest,O,B-say,B-say.per,O,O,O,O,B-say.dest,I-say.dest, , 
------------------,------------------,------------------,------------------,------------------,------------------,------------------,------------------,------------------,------------------,------------------,------------------,------------------,------------------,------------------,------------------,------------------,------------------, , 
103,find,james,at,the,back,entrance,and,introduce,him,to,all,the,women,in,the,dining,room, , 
 ,B-find,B-find.per,O,O,O,B-find.dest,O,B-say,B-say.per,O,O,O,O,O,O,B-say.dest,I-say.dest, , 
------------------,------------------,------------------,------------------,------------------,------------------,------------------,------------------,------------------,------------------,------------------,------------------,------------------,------------------,------------------,------------------,------------------,------------------, , 
104,could,you,please,tell,me,how,many,tray,there,are,on,the,dining,table, , , , , 
 ,O,O,O,B-say,B-say.per,O,O,B-say.obj,O,O,O,O,B-say.dest,I-say.dest, , , , , 
------------------,------------------,------------------,------------------,------------------,------------------,------------------,------------------,------------------,------------------,------------------,------------------,------------------,------------------,------------------, , , , , 
105,could,you,please,tell,me,which,are,the,three,biggest,tableware,on,the,storage,table, , , , 
 ,O,O,O,B-say,B-say.per,O,O,O,O,O,B-say.obj,O,O,B-say.dest,I-say.dest, , , , 
------------------,------------------,------------------,------------------,------------------,------------------,------------------,------------------,------------------,------------------,------------------,------------------,------------------,------------------,------------------,------------------, , , , 
106,please,find,charlie,at,the,rear,entrance,and,introduce,her,to,all,the,elders,in,the,living,room, 
 ,O,B-find,B-find.per,O,O,O,B-find.dest,O,B-say,B-say.per,O,O,O,B-say.per,O,O,B-say.dest,I-say.dest, 
------------------,------------------,------------------,------------------,------------------,------------------,------------------,------------------,------------------,------------------,------------------,------------------,------------------,------------------,------------------,------------------,------------------,------------------,------------------, 
107,please,tell,me,how,many,people,in,the,corridor,are,male, , , , , , , , 
 ,O,B-say,B-say.per,O,O,O,O,O,B-say.dest,O,O, , , , , , , , 
------------------,------------------,------------------,------------------,------------------,------------------,------------------,------------------,------------------,------------------,------------------,------------------, , , , , , , , 
108,tell,me,what,s,the,largest,containers,on,the,desk, , , , , , , , , 
 ,B-say,B-say.per,O,O,O,O,B-say.obj,O,O,B-say.dest, , , , , , , , , 
------------------,------------------,------------------,------------------,------------------,------------------,------------------,------------------,------------------,------------------,------------------, , , , , , , , , 
109,please,face,skyler,at,the,bed,and,introduce,it,to,mary,at,the,end,table, , , , 
 ,O,B-find,B-find.per,O,O,B-find.dest,O,B-say,B-say.obj,O,B-say.per,O,O,B-say.dest,I-say.dest, , , , 
------------------,------------------,------------------,------------------,------------------,------------------,------------------,------------------,------------------,------------------,------------------,------------------,------------------,------------------,------------------,------------------, , , , 
110,go,to,the,kitchen,look,for,a,boy,and,answer,a,question, , , , , , , 
 ,B-go,O,O,B-go.dest,B-find,O,O,B-find.per,O,B-say,O,O, , , , , , , 
------------------,------------------,------------------,------------------,------------------,------------------,------------------,------------------,------------------,------------------,------------------,------------------,------------------, , , , , , , 
111,could,you,tell,a,joke,to,the,person,pointing,to,the,left,in,the,kitchen, , , , 
 ,O,O,B-say,O,O,O,O,B-say.per,O,O,O,O,O,O,B-say.dest, , , , 
------------------,------------------,------------------,------------------,------------------,------------------,------------------,------------------,------------------,------------------,------------------,------------------,------------------,------------------,------------------,------------------, , , , 
112,could,you,please,greet,skyler,at,the,bed,and,introduce,it,to,john,at,the,dishwasher, , , 
 ,O,O,O,B-find,B-find.per,O,O,B-find.dest,O,B-say,B-say.obj,O,B-say.per,O,O,B-say.dest, , , 
------------------,------------------,------------------,------------------,------------------,------------------,------------------,------------------,------------------,------------------,------------------,------------------,------------------,------------------,------------------,------------------,------------------, , , 
113,greet,alex,at,the,main,entrance,and,introduce,him,to,everyone,in,the,kitchen, , , , , 
 ,B-find,B-find.per,O,O,O,B-find.dest,O,B-say,B-say.per,O,O,O,O,B-say.dest, , , , , 
------------------,------------------,------------------,------------------,------------------,------------------,------------------,------------------,------------------,------------------,------------------,------------------,------------------,------------------,------------------, , , , , 
114,find,jennifer,at,the,desk,and,ask,her,to,leave, , , , , , , , , 
 ,B-find,B-find.per,O,O,B-find.dest,O,B-say,B-say.per,O,O, , , , , , , , , 
------------------,------------------,------------------,------------------,------------------,------------------,------------------,------------------,------------------,------------------,------------------, , , , , , , , , 
115,locate,a,person,standing,in,the,living,room,and,answer,a,question, , , , , , , 
 ,B-find,O,B-find.per,O,O,O,B-find.dest,I-find.dest,O,B-say,O,O, , , , , , , 
------------------,------------------,------------------,------------------,------------------,------------------,------------------,------------------,------------------,------------------,------------------,------------------,------------------, , , , , , , 
116,could,you,please,tell,me,how,many,people,in,the,bedroom,are,women, , , , , , 
 ,O,O,O,B-say,B-say.per,O,O,O,O,O,B-say.dest,O,O, , , , , , 
------------------,------------------,------------------,------------------,------------------,------------------,------------------,------------------,------------------,------------------,------------------,------------------,------------------,------------------, , , , , , 
117,could,you,tell,me,the,name,of,the,person,in,the,living,room, , , , , , 
 ,O,O,B-say,B-say.per,O,O,O,O,B-say.per,O,O,B-say.dest,I-say.dest, , , , , , 
------------------,------------------,------------------,------------------,------------------,------------------,------------------,------------------,------------------,------------------,------------------,------------------,------------------,------------------, , , , , , 
118,tell,me,which,are,the,three,thinnest,cutlery,on,the,dining,table, , , , , , , 
 ,B-say,B-say.per,O,O,O,O,O,B-say.obj,O,O,B-say.dest,I-say.dest, , , , , , , 
------------------,------------------,------------------,------------------,------------------,------------------,------------------,------------------,------------------,------------------,------------------,------------------,------------------, , , , , , , 
119,tell,me,the,gender,of,the,person,in,the,dining,room, , , , , , , , 
 ,B-say,B-say.per,O,O,O,O,B-say.per,O,O,B-say.dest,I-say.dest, , , , , , , , 
------------------,------------------,------------------,------------------,------------------,------------------,------------------,------------------,------------------,------------------,------------------,------------------, , , , , , , , 
120,tell,me,how,many,people,in,the,kitchen,are,girls, , , , , , , , , 
 ,B-say,B-say.per,O,O,O,O,O,B-say.dest,O,O, , , , , , , , , 
------------------,------------------,------------------,------------------,------------------,------------------,------------------,------------------,------------------,------------------,------------------, , , , , , , , , 
121,please,tell,me,what,s,the,smallest,tableware,on,the,counter, , , , , , , , 
 ,O,B-say,B-say.per,O,O,O,O,B-say.obj,O,O,B-say.dest, , , , , , , , 
------------------,------------------,------------------,------------------,------------------,------------------,------------------,------------------,------------------,------------------,------------------,------------------, , , , , , , , 
122,tell,me,the,pose,of,the,person,at,the,dining,table, , , , , , , , 
 ,B-say,B-say.per,O,O,O,O,B-say.per,O,O,B-say.dest,I-say.dest, , , , , , , , 
------------------,------------------,------------------,------------------,------------------,------------------,------------------,------------------,------------------,------------------,------------------,------------------, , , , , , , , 
123,find,elizabeth,at,the,front,entrance,and,introduce,her,to,all,the,people,in,the,kitchen, , , 
 ,B-find,B-find.per,O,O,O,B-find.dest,O,B-say,B-say.per,O,O,O,O,O,O,B-say.dest, , , 
------------------,------------------,------------------,------------------,------------------,------------------,------------------,------------------,------------------,------------------,------------------,------------------,------------------,------------------,------------------,------------------,------------------, , , 
124,tell,me,how,many,fruits,there,are,on,the,cupboard, , , , , , , , , 
 ,B-say,B-say.per,O,O,B-say.obj,O,O,O,O,B-say.dest, , , , , , , , , 
------------------,------------------,------------------,------------------,------------------,------------------,------------------,------------------,------------------,------------------,------------------, , , , , , , , , 
125,please,tell,me,what,s,the,biggest,object,on,the,side,table, , , , , , , 
 ,O,B-say,B-say.per,O,O,O,O,O,O,O,B-say.dest,I-say.dest, , , , , , , 
------------------,------------------,------------------,------------------,------------------,------------------,------------------,------------------,------------------,------------------,------------------,------------------,------------------, , , , , , , 
126,tell,me,which,are,the,three,smallest,objects,on,the,sink, , , , , , , , 
 ,B-say,B-say.per,O,O,O,O,O,O,O,O,B-say.dest, , , , , , , , 
------------------,------------------,------------------,------------------,------------------,------------------,------------------,------------------,------------------,------------------,------------------,------------------, , , , , , , , 
127,find,alex,at,the,desk,and,introduce,it,to,john,at,the,exit, , , , , , 
 ,B-find,B-find.per,O,O,B-find.dest,O,B-say,B-say.obj,O,B-say.per,O,O,B-say.dest, , , , , , 
------------------,------------------,------------------,------------------,------------------,------------------,------------------,------------------,------------------,------------------,------------------,------------------,------------------,------------------, , , , , , 
128,tell,me,how,many,people,in,the,corridor,are,women, , , , , , , , , 
 ,B-say,B-say.per,O,O,O,O,O,B-say.dest,O,O, , , , , , , , , 
------------------,------------------,------------------,------------------,------------------,------------------,------------------,------------------,------------------,------------------,------------------, , , , , , , , , 
129,could,you,look,for,a,girl,in,the,bedroom,and,answer,a,question, , , , , , 
 ,O,O,B-find,O,O,B-find.per,O,O,B-find.dest,O,B-say,O,O, , , , , , 
------------------,------------------,------------------,------------------,------------------,------------------,------------------,------------------,------------------,------------------,------------------,------------------,------------------,------------------, , , , , , 
130,could,you,please,answer,a,question,to,the,person,waving,in,the,bedroom, , , , , , 
 ,O,O,O,B-say,O,O,O,O,B-say.per,O,O,O,B-say.dest, , , , , , 
------------------,------------------,------------------,------------------,------------------,------------------,------------------,------------------,------------------,------------------,------------------,------------------,------------------,------------------, , , , , , 
131,robot,please,face,william,at,the,couch,and,introduce,it,to,mary,at,the,entrance, , , , 
 ,O,O,B-find,B-find.per,O,O,B-find.dest,O,B-say,B-say.obj,O,B-say.per,O,O,B-say.dest, , , , 
------------------,------------------,------------------,------------------,------------------,------------------,------------------,------------------,------------------,------------------,------------------,------------------,------------------,------------------,------------------,------------------, , , , 
132,tell,something,about,yourself,to,the,person,raising,their,right,arm,in,the,bedroom, , , , , 
 ,B-say,O,O,O,O,O,B-say.per,O,O,O,O,O,O,B-say.dest, , , , , 
------------------,------------------,------------------,------------------,------------------,------------------,------------------,------------------,------------------,------------------,------------------,------------------,------------------,------------------,------------------, , , , , 
133,face,william,at,the,sink,and,ask,him,to,leave, , , , , , , , , 
 ,B-find,B-find.per,O,O,B-find.dest,O,B-say,B-say.per,O,O, , , , , , , , , 
------------------,------------------,------------------,------------------,------------------,------------------,------------------,------------------,------------------,------------------,------------------, , , , , , , , , 
134,tell,me,what,s,the,lightest,containers,on,the,side,table, , , , , , , , 
 ,B-say,B-say.per,O,O,O,O,B-say.obj,O,O,B-say.dest,I-say.dest, , , , , , , , 
------------------,------------------,------------------,------------------,------------------,------------------,------------------,------------------,------------------,------------------,------------------,------------------, , , , , , , , 
135,tell,me,how,many,tableware,there,are,on,the,bookcase, , , , , , , , , 
 ,B-say,B-say.per,O,O,B-say.obj,O,O,O,O,B-say.dest, , , , , , , , , 
------------------,------------------,------------------,------------------,------------------,------------------,------------------,------------------,------------------,------------------,------------------, , , , , , , , , 
136,tell,me,what,s,the,lightest,object,on,the,dining,table, , , , , , , , 
 ,B-say,B-say.per,O,O,O,O,O,O,O,B-say.dest,I-say.dest, , , , , , , , 
------------------,------------------,------------------,------------------,------------------,------------------,------------------,------------------,------------------,------------------,------------------,------------------, , , , , , , , 
137,please,tell,me,how,many,cleaning,stuff,there,are,on,the,dining,table, , , , , , 
 ,O,B-say,B-say.per,O,O,B-say.obj,I-say.obj,O,O,O,O,B-say.dest,I-say.dest, , , , , , 
------------------,------------------,------------------,------------------,------------------,------------------,------------------,------------------,------------------,------------------,------------------,------------------,------------------,------------------, , , , , , 
138,contact,mary,at,the,end,table,and,ask,her,to,leave, , , , , , , , 
 ,B-find,B-find.per,O,O,B-find.dest,I-find.dest,O,B-say,B-say.per,O,O, , , , , , , , 
------------------,------------------,------------------,------------------,------------------,------------------,------------------,------------------,------------------,------------------,------------------,------------------, , , , , , , , 
139,please,greet,robin,at,the,main,entrance,and,introduce,him,to,everyone,in,the,living,room, , , 
 ,O,B-find,B-find.per,O,O,O,B-find.dest,O,B-say,B-say.per,O,O,O,O,B-say.dest,I-say.dest, , , 
------------------,------------------,------------------,------------------,------------------,------------------,------------------,------------------,------------------,------------------,------------------,------------------,------------------,------------------,------------------,------------------,------------------, , , 
140,tell,me,what,s,the,lightest,object,on,the,end,table, , , , , , , , 
 ,B-say,B-say.per,O,O,O,O,O,O,O,B-say.dest,I-say.dest, , , , , , , , 
------------------,------------------,------------------,------------------,------------------,------------------,------------------,------------------,------------------,------------------,------------------,------------------, , , , , , , , 
141,greet,robin,at,the,dining,table,and,ask,him,to,leave, , , , , , , , 
 ,B-find,B-find.per,O,O,B-find.dest,I-find.dest,O,B-say,B-say.per,O,O, , , , , , , , 
------------------,------------------,------------------,------------------,------------------,------------------,------------------,------------------,------------------,------------------,------------------,------------------, , , , , , , , 
142,could,you,contact,alex,at,the,main,door,and,introduce,her,to,all,the,children,in,the,corridor, 
 ,O,O,B-find,B-find.per,O,O,O,B-find.dest,O,B-say,B-say.per,O,O,O,B-say.per,O,O,B-say.dest, 
------------------,------------------,------------------,------------------,------------------,------------------,------------------,------------------,------------------,------------------,------------------,------------------,------------------,------------------,------------------,------------------,------------------,------------------,------------------, 
143,tell,me,how,many,cleaning,stuff,there,are,on,the,sink, , , , , , , , 
 ,B-say,B-say.per,O,O,B-say.obj,I-say.obj,O,O,O,O,B-say.dest, , , , , , , , 
------------------,------------------,------------------,------------------,------------------,------------------,------------------,------------------,------------------,------------------,------------------,------------------, , , , , , , , 
144,tell,me,the,name,of,the,person,in,the,bedroom, , , , , , , , , 
 ,B-say,B-say.per,O,O,O,O,B-say.per,O,O,B-say.dest, , , , , , , , , 
------------------,------------------,------------------,------------------,------------------,------------------,------------------,------------------,------------------,------------------,------------------, , , , , , , , , 
145,tell,me,what,s,the,heaviest,object,on,the,cupboard, , , , , , , , , 
 ,B-say,B-say.per,O,O,O,O,O,O,O,B-say.dest, , , , , , , , , 
------------------,------------------,------------------,------------------,------------------,------------------,------------------,------------------,------------------,------------------,------------------, , , , , , , , , 
146,please,tell,me,what,s,the,heaviest,object,on,the,bookcase, , , , , , , , 
 ,O,B-say,B-say.per,O,O,O,O,O,O,O,B-say.dest, , , , , , , , 
------------------,------------------,------------------,------------------,------------------,------------------,------------------,------------------,------------------,------------------,------------------,------------------, , , , , , , , 
147,tell,me,how,many,people,in,the,corridor,are,lying,down, , , , , , , , 
 ,B-say,B-say.per,O,O,O,O,O,B-say.dest,O,O,O, , , , , , , , 
------------------,------------------,------------------,------------------,------------------,------------------,------------------,------------------,------------------,------------------,------------------,------------------, , , , , , , , 
148,greet,charlie,at,the,bookcase,and,ask,him,to,leave, , , , , , , , , 
 ,B-find,B-find.per,O,O,B-find.dest,O,B-say,B-say.per,O,O, , , , , , , , , 
------------------,------------------,------------------,------------------,------------------,------------------,------------------,------------------,------------------,------------------,------------------, , , , , , , , , 
149,tell,me,the,gender,of,the,person,in,the,living,room, , , , , , , , 
 ,B-say,B-say.per,O,O,O,O,B-say.per,O,O,B-say.dest,I-say.dest, , , , , , , , 
------------------,------------------,------------------,------------------,------------------,------------------,------------------,------------------,------------------,------------------,------------------,------------------, , , , , , , , 
150,tell,me,which,are,the,three,biggest,fruits,on,the,bookcase, , , , , , , , 
 ,B-say,B-say.per,O,O,O,O,O,B-say.obj,O,O,B-say.dest, , , , , , , , 
------------------,------------------,------------------,------------------,------------------,------------------,------------------,------------------,------------------,------------------,------------------,------------------, , , , , , , , 
151,robot,please,tell,me,the,gender,of,the,person,in,the,dining,room, , , , , , 
 ,O,O,B-say,B-say.per,O,O,O,O,B-say.per,O,O,B-say.dest,I-say.dest, , , , , , 
------------------,------------------,------------------,------------------,------------------,------------------,------------------,------------------,------------------,------------------,------------------,------------------,------------------,------------------, , , , , , 
152,answer,a,question,to,the,person,waving,in,the,kitchen, , , , , , , , , 
 ,B-say,O,O,O,O,B-say.per,O,O,O,B-say.dest, , , , , , , , , 
------------------,------------------,------------------,------------------,------------------,------------------,------------------,------------------,------------------,------------------,------------------, , , , , , , , , 
153,could,you,please,find,a,female,person,in,the,bedroom,and,answer,a,question, , , , , 
 ,O,O,O,B-find,O,O,B-find.per,O,O,B-find.dest,O,B-say,O,O, , , , , 
------------------,------------------,------------------,------------------,------------------,------------------,------------------,------------------,------------------,------------------,------------------,------------------,------------------,------------------,------------------, , , , , 
154,find,michael,at,the,sink,and,introduce,it,to,elizabeth,at,the,couch, , , , , , 
 ,B-find,B-find.per,O,O,B-find.dest,O,B-say,B-say.obj,O,B-say.per,O,O,B-say.dest, , , , , , 
------------------,------------------,------------------,------------------,------------------,------------------,------------------,------------------,------------------,------------------,------------------,------------------,------------------,------------------, , , , , , 
155,could,you,please,locate,a,person,standing,in,the,corridor,and,answer,a,question, , , , , 
 ,O,O,O,B-find,O,B-find.per,O,O,O,B-find.dest,O,B-say,O,O, , , , , 
------------------,------------------,------------------,------------------,------------------,------------------,------------------,------------------,------------------,------------------,------------------,------------------,------------------,------------------,------------------, , , , , 
156,tell,me,the,name,of,the,person,at,the,desk, , , , , , , , , 
 ,B-say,B-say.per,O,O,O,O,B-say.per,O,O,B-say.dest, , , , , , , , , 
------------------,------------------,------------------,------------------,------------------,------------------,------------------,------------------,------------------,------------------,------------------, , , , , , , , , 
157,locate,a,person,raising,their,left,arm,in,the,kitchen,and,say,a,joke, , , , , 
 ,B-find,O,B-find.per,O,O,O,O,O,O,B-find.dest,O,B-say,O,O, , , , , 
------------------,------------------,------------------,------------------,------------------,------------------,------------------,------------------,------------------,------------------,------------------,------------------,------------------,------------------,------------------, , , , , 
158,contact,francis,at,the,couch,and,introduce,it,to,patricia,at,the,dishwasher, , , , , , 
 ,B-find,B-find.per,O,O,B-find.dest,O,B-say,B-say.obj,O,B-say.per,O,O,B-say.dest, , , , , , 
------------------,------------------,------------------,------------------,------------------,------------------,------------------,------------------,------------------,------------------,------------------,------------------,------------------,------------------, , , , , , 
159,robot,please,tell,me,how,many,people,in,the,kitchen,are,standing, , , , , , , 
 ,O,O,B-say,B-say.per,O,O,O,O,O,B-say.dest,O,O, , , , , , , 
------------------,------------------,------------------,------------------,------------------,------------------,------------------,------------------,------------------,------------------,------------------,------------------,------------------, , , , , , , 
160,tell,me,the,pose,of,the,person,at,the,couch, , , , , , , , , 
 ,B-say,B-say.per,O,O,O,O,B-say.per,O,O,B-say.dest, , , , , , , , , 
------------------,------------------,------------------,------------------,------------------,------------------,------------------,------------------,------------------,------------------,------------------, , , , , , , , , 
161,robot,please,tell,me,the,gender,of,the,person,at,the,sink, , , , , , , 
 ,O,O,B-say,B-say.per,O,O,O,O,B-say.per,O,O,B-say.dest, , , , , , , 
------------------,------------------,------------------,------------------,------------------,------------------,------------------,------------------,------------------,------------------,------------------,------------------,------------------, , , , , , , 
162,tell,me,the,name,of,the,person,at,the,dining,table, , , , , , , , 
 ,B-say,B-say.per,O,O,O,O,B-say.per,O,O,B-say.dest,I-say.dest, , , , , , , , 
------------------,------------------,------------------,------------------,------------------,------------------,------------------,------------------,------------------,------------------,------------------,------------------, , , , , , , , 
163,tell,me,how,many,people,in,the,bedroom,are,lying,down, , , , , , , , 
 ,B-say,B-say.per,O,O,O,O,O,B-say.dest,O,O,O, , , , , , , , 
------------------,------------------,------------------,------------------,------------------,------------------,------------------,------------------,------------------,------------------,------------------,------------------, , , , , , , , 
164,greet,elizabeth,at,the,end,table,and,introduce,it,to,william,at,the,desk, , , , , 
 ,B-find,B-find.per,O,O,B-find.dest,I-find.dest,O,B-say,B-say.obj,O,B-say.per,O,O,B-say.dest, , , , , 
------------------,------------------,------------------,------------------,------------------,------------------,------------------,------------------,------------------,------------------,------------------,------------------,------------------,------------------,------------------, , , , , 
165,contact,alex,at,the,front,entrance,and,introduce,him,to,all,the,women,in,the,dining,room, , 
 ,B-find,B-find.per,O,O,O,B-find.dest,O,B-say,B-say.per,O,O,O,O,O,O,B-say.dest,I-say.dest, , 
------------------,------------------,------------------,------------------,------------------,------------------,------------------,------------------,------------------,------------------,------------------,------------------,------------------,------------------,------------------,------------------,------------------,------------------, , 
166,tell,me,how,many,people,in,the,dining,room,are,lying,down, , , , , , , 
 ,B-say,B-say.per,O,O,O,O,O,B-say.dest,I-say.dest,O,O,O, , , , , , , 
------------------,------------------,------------------,------------------,------------------,------------------,------------------,------------------,------------------,------------------,------------------,------------------,------------------, , , , , , , 
167,tell,me,the,pose,of,the,person,in,the,bedroom, , , , , , , , , 
 ,B-say,B-say.per,O,O,O,O,B-say.per,O,O,B-say.dest, , , , , , , , , 
------------------,------------------,------------------,------------------,------------------,------------------,------------------,------------------,------------------,------------------,------------------, , , , , , , , , 
168,greet,james,at,the,end,table,and,introduce,it,to,skyler,at,the,exit, , , , , 
 ,B-find,B-find.per,O,O,B-find.dest,I-find.dest,O,B-say,B-say.obj,O,B-say.per,O,O,B-say.dest, , , , , 
------------------,------------------,------------------,------------------,------------------,------------------,------------------,------------------,------------------,------------------,------------------,------------------,------------------,------------------,------------------, , , , , 
169,tell,me,how,many,cloth,there,are,on,the,counter, , , , , , , , , 
 ,B-say,B-say.per,O,O,B-say.obj,O,O,O,O,B-say.dest, , , , , , , , , 
------------------,------------------,------------------,------------------,------------------,------------------,------------------,------------------,------------------,------------------,------------------, , , , , , , , , 
170,could,you,tell,me,which,are,the,three,biggest,objects,on,the,storage,table, , , , , 
 ,O,O,B-say,B-say.per,O,O,O,O,O,O,O,O,B-say.dest,I-say.dest, , , , , 
------------------,------------------,------------------,------------------,------------------,------------------,------------------,------------------,------------------,------------------,------------------,------------------,------------------,------------------,------------------, , , , , 
171,contact,alex,at,the,bed,and,ask,him,to,leave, , , , , , , , , 
 ,B-find,B-find.per,O,O,B-find.dest,O,B-say,B-say.per,O,O, , , , , , , , , 
------------------,------------------,------------------,------------------,------------------,------------------,------------------,------------------,------------------,------------------,------------------, , , , , , , , , 
172,contact,linda,at,the,exit,and,introduce,it,to,jennifer,at,the,bed, , , , , , 
 ,B-find,B-find.per,O,O,B-find.dest,O,B-say,B-say.obj,O,B-say.per,O,O,B-say.dest, , , , , , 
------------------,------------------,------------------,------------------,------------------,------------------,------------------,------------------,------------------,------------------,------------------,------------------,------------------,------------------, , , , , , 
173,find,alex,at,the,bed,and,ask,him,to,leave, , , , , , , , , 
 ,B-find,B-find.per,O,O,B-find.dest,O,B-say,B-say.per,O,O, , , , , , , , , 
------------------,------------------,------------------,------------------,------------------,------------------,------------------,------------------,------------------,------------------,------------------, , , , , , , , , 
174,could,you,please,tell,the,day,of,the,week,to,the,person,raising,their,right,arm,in,the,corridor
 ,O,O,O,B-say,O,O,O,O,O,O,O,B-say.per,O,O,O,O,O,O,B-say.dest
------------------,------------------,------------------,------------------,------------------,------------------,------------------,------------------,------------------,------------------,------------------,------------------,------------------,------------------,------------------,------------------,------------------,------------------,------------------,------------------
175,say,the,time,to,the,person,pointing,to,the,left,in,the,corridor, , , , , , 
 ,B-say,O,O,O,O,B-say.per,O,O,O,O,O,O,B-say.dest, , , , , , 
------------------,------------------,------------------,------------------,------------------,------------------,------------------,------------------,------------------,------------------,------------------,------------------,------------------,------------------, , , , , , 
176,could,you,please,tell,me,the,pose,of,the,person,at,the,bookcase, , , , , , 
 ,O,O,O,B-say,B-say.per,O,O,O,O,B-say.per,O,O,B-say.dest, , , , , , 
------------------,------------------,------------------,------------------,------------------,------------------,------------------,------------------,------------------,------------------,------------------,------------------,------------------,------------------, , , , , , 
177,robot,please,tell,me,the,gender,of,the,person,in,the,corridor, , , , , , , 
 ,O,O,B-say,B-say.per,O,O,O,O,B-say.per,O,O,B-say.dest, , , , , , , 
------------------,------------------,------------------,------------------,------------------,------------------,------------------,------------------,------------------,------------------,------------------,------------------,------------------, , , , , , , 
178,tell,me,how,many,people,in,the,living,room,are,lying,down, , , , , , , 
 ,B-say,B-say.per,O,O,O,O,O,B-say.dest,I-say.dest,O,O,O, , , , , , , 
------------------,------------------,------------------,------------------,------------------,------------------,------------------,------------------,------------------,------------------,------------------,------------------,------------------, , , , , , , 
179,could,you,please,face,skyler,at,the,end,table,and,introduce,it,to,francis,at,the,bed, , 
 ,O,O,O,B-find,B-find.per,O,O,B-find.dest,I-find.dest,O,B-say,B-say.obj,O,B-say.per,O,O,B-say.dest, , 
------------------,------------------,------------------,------------------,------------------,------------------,------------------,------------------,------------------,------------------,------------------,------------------,------------------,------------------,------------------,------------------,------------------,------------------, , 
180,tell,me,the,gender,of,the,person,in,the,dining,room, , , , , , , , 
 ,B-say,B-say.per,O,O,O,O,B-say.per,O,O,B-say.dest,I-say.dest, , , , , , , , 
------------------,------------------,------------------,------------------,------------------,------------------,------------------,------------------,------------------,------------------,------------------,------------------, , , , , , , , 
181,could,you,tell,me,the,gender,of,the,person,at,the,desk, , , , , , , 
 ,O,O,B-say,B-say.per,O,O,O,O,B-say.per,O,O,B-say.dest, , , , , , , 
------------------,------------------,------------------,------------------,------------------,------------------,------------------,------------------,------------------,------------------,------------------,------------------,------------------, , , , , , , 
182,tell,me,how,many,sausages,there,are,on,the,counter, , , , , , , , , 
 ,B-say,B-say.per,O,O,B-say.obj,O,O,O,O,B-say.dest, , , , , , , , , 
------------------,------------------,------------------,------------------,------------------,------------------,------------------,------------------,------------------,------------------,------------------, , , , , , , , , 
183,could,you,tell,me,how,many,bowl,there,are,on,the,end,table, , , , , , 
 ,O,O,B-say,B-say.per,O,O,B-say.obj,O,O,O,O,B-say.dest,I-say.dest, , , , , , 
------------------,------------------,------------------,------------------,------------------,------------------,------------------,------------------,------------------,------------------,------------------,------------------,------------------,------------------, , , , , , 
184,robot,please,tell,me,the,pose,of,the,person,at,the,end,table, , , , , , 
 ,O,O,B-say,B-say.per,O,O,O,O,B-say.per,O,O,B-say.dest,I-say.dest, , , , , , 
------------------,------------------,------------------,------------------,------------------,------------------,------------------,------------------,------------------,------------------,------------------,------------------,------------------,------------------, , , , , , 
185,tell,me,what,s,the,largest,food,on,the,dining,table, , , , , , , , 
 ,B-say,B-say.per,O,O,O,O,B-say.obj,O,O,B-say.dest,I-say.dest, , , , , , , , 
------------------,------------------,------------------,------------------,------------------,------------------,------------------,------------------,------------------,------------------,------------------,------------------, , , , , , , , 
186,please,contact,patricia,at,the,bed,and,introduce,it,to,charlie,at,the,end,table, , , , 
 ,O,B-find,B-find.per,O,O,B-find.dest,O,B-say,B-say.obj,O,B-say.per,O,O,B-say.dest,I-say.dest, , , , 
------------------,------------------,------------------,------------------,------------------,------------------,------------------,------------------,------------------,------------------,------------------,------------------,------------------,------------------,------------------,------------------, , , , 
187,answer,a,question,to,the,person,pointing,to,the,left,in,the,bedroom, , , , , , 
 ,B-say,O,O,O,O,B-say.per,O,O,O,O,O,O,B-say.dest, , , , , , 
------------------,------------------,------------------,------------------,------------------,------------------,------------------,------------------,------------------,------------------,------------------,------------------,------------------,------------------, , , , , , 
188,contact,william,at,the,entrance,and,ask,him,to,leave, , , , , , , , , 
 ,B-find,B-find.per,O,O,B-find.dest,O,B-say,B-say.per,O,O, , , , , , , , , 
------------------,------------------,------------------,------------------,------------------,------------------,------------------,------------------,------------------,------------------,------------------, , , , , , , , , 
189,please,contact,patricia,at,the,couch,and,ask,her,to,leave, , , , , , , , 
 ,O,B-find,B-find.per,O,O,B-find.dest,O,B-say,B-say.per,O,O, , , , , , , , 
------------------,------------------,------------------,------------------,------------------,------------------,------------------,------------------,------------------,------------------,------------------,------------------, , , , , , , , 
190,robot,please,face,james,at,the,back,door,and,introduce,him,to,all,the,elders,in,the,living,room
 ,O,O,B-find,B-find.per,O,O,O,B-find.dest,O,B-say,B-say.per,O,O,O,B-say.per,O,O,B-say.dest,I-say.dest
------------------,------------------,------------------,------------------,------------------,------------------,------------------,------------------,------------------,------------------,------------------,------------------,------------------,------------------,------------------,------------------,------------------,------------------,------------------,------------------
191,tell,me,how,many,cutlery,there,are,on,the,dining,table, , , , , , , , 
 ,B-say,B-say.per,O,O,B-say.obj,O,O,O,O,B-say.dest,I-say.dest, , , , , , , , 
------------------,------------------,------------------,------------------,------------------,------------------,------------------,------------------,------------------,------------------,------------------,------------------, , , , , , , , 
192,could,you,tell,me,the,name,of,the,person,at,the,desk, , , , , , , 
 ,O,O,B-say,B-say.per,O,O,O,O,B-say.per,O,O,B-say.dest, , , , , , , 
------------------,------------------,------------------,------------------,------------------,------------------,------------------,------------------,------------------,------------------,------------------,------------------,------------------, , , , , , , 
193,tell,me,the,pose,of,the,person,in,the,kitchen, , , , , , , , , 
 ,B-say,B-say.per,O,O,O,O,B-say.per,O,O,B-say.dest, , , , , , , , , 
------------------,------------------,------------------,------------------,------------------,------------------,------------------,------------------,------------------,------------------,------------------, , , , , , , , , 
194,could,you,please,greet,alex,at,the,main,door,and,introduce,her,to,everyone,in,the,dining,room, 
 ,O,O,O,B-find,B-find.per,O,O,O,B-find.dest,O,B-say,B-say.per,O,O,O,O,B-say.dest,I-say.dest, 
------------------,------------------,------------------,------------------,------------------,------------------,------------------,------------------,------------------,------------------,------------------,------------------,------------------,------------------,------------------,------------------,------------------,------------------,------------------, 
195,robot,please,tell,me,how,many,people,in,the,corridor,are,boys, , , , , , , 
 ,O,O,B-say,B-say.per,O,O,O,O,O,B-say.dest,O,O, , , , , , , 
------------------,------------------,------------------,------------------,------------------,------------------,------------------,------------------,------------------,------------------,------------------,------------------,------------------, , , , , , , 
196,say,your,team,s,affiliation,to,the,person,raising,their,right,arm,in,the,corridor, , , , 
 ,B-say,O,O,O,O,O,O,B-say.per,O,O,O,O,O,O,B-say.dest, , , , 
------------------,------------------,------------------,------------------,------------------,------------------,------------------,------------------,------------------,------------------,------------------,------------------,------------------,------------------,------------------,------------------, , , , 
197,contact,charlie,at,the,main,door,and,introduce,him,to,all,the,people,in,the,corridor, , , 
 ,B-find,B-find.per,O,O,O,B-find.dest,O,B-say,B-say.per,O,O,O,O,O,O,B-say.dest, , , 
------------------,------------------,------------------,------------------,------------------,------------------,------------------,------------------,------------------,------------------,------------------,------------------,------------------,------------------,------------------,------------------,------------------, , , 
198,tell,me,how,many,people,in,the,bedroom,are,boys, , , , , , , , , 
 ,B-say,B-say.per,O,O,O,O,O,B-say.dest,O,O, , , , , , , , , 
------------------,------------------,------------------,------------------,------------------,------------------,------------------,------------------,------------------,------------------,------------------, , , , , , , , , 
199,please,tell,me,the,pose,of,the,person,in,the,kitchen, , , , , , , , 
 ,O,B-say,B-say.per,O,O,O,O,B-say.per,O,O,B-say.dest, , , , , , , , 
------------------,------------------,------------------,------------------,------------------,------------------,------------------,------------------,------------------,------------------,------------------,------------------, , , , , , , , 
200,please,navigate,to,the,dining,room,find,a,person,waving,and,answer,a,question, , , , , 
 ,O,B-go,O,O,B-go.dest,I-go.dest,B-find,O,B-find.per,O,O,B-say,O,O, , , , , 
------------------,------------------,------------------,------------------,------------------,------------------,------------------,------------------,------------------,------------------,------------------,------------------,------------------,------------------,------------------, , , , , 
201,tell,me,how,many,cleaning,stuff,there,are,on,the,counter, , , , , , , , 
 ,B-say,B-say.per,O,O,B-say.obj,I-say.obj,O,O,O,O,B-say.dest, , , , , , , , 
------------------,------------------,------------------,------------------,------------------,------------------,------------------,------------------,------------------,------------------,------------------,------------------, , , , , , , , 
202,please,tell,me,what,s,the,thinnest,food,on,the,side,table, , , , , , , 
 ,O,B-say,B-say.per,O,O,O,O,B-say.obj,O,O,B-say.dest,I-say.dest, , , , , , , 
------------------,------------------,------------------,------------------,------------------,------------------,------------------,------------------,------------------,------------------,------------------,------------------,------------------, , , , , , , 
203,tell,me,how,many,cloth,there,are,on,the,desk, , , , , , , , , 
 ,B-say,B-say.per,O,O,B-say.obj,O,O,O,O,B-say.dest, , , , , , , , , 
------------------,------------------,------------------,------------------,------------------,------------------,------------------,------------------,------------------,------------------,------------------, , , , , , , , , 
204,tell,me,the,gender,of,the,person,in,the,kitchen, , , , , , , , , 
 ,B-say,B-say.per,O,O,O,O,B-say.per,O,O,B-say.dest, , , , , , , , , 
------------------,------------------,------------------,------------------,------------------,------------------,------------------,------------------,------------------,------------------,------------------, , , , , , , , , 
205,go,to,the,corridor,look,for,a,girl,and,tell,what,day,is,today, , , , , 
 ,B-go,O,O,B-go.dest,B-find,O,O,B-find.per,O,B-say,O,O,O,O, , , , , 
------------------,------------------,------------------,------------------,------------------,------------------,------------------,------------------,------------------,------------------,------------------,------------------,------------------,------------------,------------------, , , , , 
206,contact,charlie,at,the,end,table,and,ask,her,to,leave, , , , , , , , 
 ,B-find,B-find.per,O,O,B-find.dest,I-find.dest,O,B-say,B-say.per,O,O, , , , , , , , 
------------------,------------------,------------------,------------------,------------------,------------------,------------------,------------------,------------------,------------------,------------------,------------------, , , , , , , , 
207,greet,robin,at,the,bookcase,and,introduce,it,to,alex,at,the,end,table, , , , , 
 ,B-find,B-find.per,O,O,B-find.dest,O,B-say,B-say.obj,O,B-say.per,O,O,B-say.dest,I-say.dest, , , , , 
------------------,------------------,------------------,------------------,------------------,------------------,------------------,------------------,------------------,------------------,------------------,------------------,------------------,------------------,------------------, , , , , 
208,could,you,tell,me,the,pose,of,the,person,at,the,sink, , , , , , , 
 ,O,O,B-say,B-say.per,O,O,O,O,B-say.per,O,O,B-say.dest, , , , , , , 
------------------,------------------,------------------,------------------,------------------,------------------,------------------,------------------,------------------,------------------,------------------,------------------,------------------, , , , , , , 
209,answer,a,question,to,the,person,waving,in,the,bedroom, , , , , , , , , 
 ,B-say,O,O,O,O,B-say.per,O,O,O,B-say.dest, , , , , , , , , 
------------------,------------------,------------------,------------------,------------------,------------------,------------------,------------------,------------------,------------------,------------------, , , , , , , , , 
210,tell,me,what,s,the,biggest,cutlery,on,the,dining,table, , , , , , , , 
 ,B-say,B-say.per,O,O,O,O,B-say.obj,O,O,B-say.dest,I-say.dest, , , , , , , , 
------------------,------------------,------------------,------------------,------------------,------------------,------------------,------------------,------------------,------------------,------------------,------------------, , , , , , , , 
211,tell,me,how,many,people,in,the,bedroom,are,sitting, , , , , , , , , 
 ,B-say,B-say.per,O,O,O,O,O,B-say.dest,O,O, , , , , , , , , 
------------------,------------------,------------------,------------------,------------------,------------------,------------------,------------------,------------------,------------------,------------------, , , , , , , , , 
212,answer,a,question,to,the,person,raising,their,right,arm,in,the,dining,room, , , , , 
 ,B-say,O,O,O,O,B-say.per,O,O,O,O,O,O,B-say.dest,I-say.dest, , , , , 
------------------,------------------,------------------,------------------,------------------,------------------,------------------,------------------,------------------,------------------,------------------,------------------,------------------,------------------,------------------, , , , , 
213,find,a,person,lying,down,in,the,corridor,and,tell,something,about,yourself, , , , , , 
 ,B-find,O,B-find.per,O,O,O,O,B-find.dest,O,B-say,O,O,O, , , , , , 
------------------,------------------,------------------,------------------,------------------,------------------,------------------,------------------,------------------,------------------,------------------,------------------,------------------,------------------, , , , , , 
214,please,greet,elizabeth,at,the,back,door,and,introduce,her,to,everyone,in,the,dining,room, , , 
 ,O,B-find,B-find.per,O,O,O,B-find.dest,O,B-say,B-say.per,O,O,O,O,B-say.dest,I-say.dest, , , 
------------------,------------------,------------------,------------------,------------------,------------------,------------------,------------------,------------------,------------------,------------------,------------------,------------------,------------------,------------------,------------------,------------------, , , 
215,please,tell,me,what,s,the,biggest,tableware,on,the,sink, , , , , , , , 
 ,O,B-say,B-say.per,O,O,O,O,B-say.obj,O,O,B-say.dest, , , , , , , , 
------------------,------------------,------------------,------------------,------------------,------------------,------------------,------------------,------------------,------------------,------------------,------------------, , , , , , , , 
216,tell,me,the,name,of,the,person,in,the,kitchen, , , , , , , , , 
 ,B-say,B-say.per,O,O,O,O,B-say.per,O,O,B-say.dest, , , , , , , , , 
------------------,------------------,------------------,------------------,------------------,------------------,------------------,------------------,------------------,------------------,------------------, , , , , , , , , 
217,tell,me,what,s,the,biggest,object,on,the,bookcase, , , , , , , , , 
 ,B-say,B-say.per,O,O,O,O,O,O,O,B-say.dest, , , , , , , , , 
------------------,------------------,------------------,------------------,------------------,------------------,------------------,------------------,------------------,------------------,------------------, , , , , , , , , 
218,face,linda,at,the,bed,and,ask,her,to,leave, , , , , , , , , 
 ,B-find,B-find.per,O,O,B-find.dest,O,B-say,B-say.per,O,O, , , , , , , , , 
------------------,------------------,------------------,------------------,------------------,------------------,------------------,------------------,------------------,------------------,------------------, , , , , , , , , 
219,please,tell,what,day,is,tomorrow,to,the,person,pointing,to,the,left,in,the,kitchen, , , 
 ,O,B-say,O,O,O,O,O,O,B-say.per,O,O,O,O,O,O,B-say.dest, , , 
------------------,------------------,------------------,------------------,------------------,------------------,------------------,------------------,------------------,------------------,------------------,------------------,------------------,------------------,------------------,------------------,------------------, , , 
220,tell,me,how,many,people,in,the,corridor,are,men, , , , , , , , , 
 ,B-say,B-say.per,O,O,O,O,O,B-say.dest,O,O, , , , , , , , , 
------------------,------------------,------------------,------------------,------------------,------------------,------------------,------------------,------------------,------------------,------------------, , , , , , , , , 
221,please,say,the,time,to,the,person,waving,in,the,dining,room, , , , , , , 
 ,O,B-say,O,O,O,O,B-say.per,O,O,O,B-say.dest,I-say.dest, , , , , , , 
------------------,------------------,------------------,------------------,------------------,------------------,------------------,------------------,------------------,------------------,------------------,------------------,------------------, , , , , , , 
222,tell,me,how,many,fruits,there,are,on,the,sink, , , , , , , , , 
 ,B-say,B-say.per,O,O,B-say.obj,O,O,O,O,B-say.dest, , , , , , , , , 
------------------,------------------,------------------,------------------,------------------,------------------,------------------,------------------,------------------,------------------,------------------, , , , , , , , , 
